{"cameraMode":{"drawMode":0,"name":"Shaded","section":"Shading Mode"},"sceneLighting":true,"audioPlay":false,"sceneViewState":{"m_AlwaysRefresh":false,"showFog":true,"showSkybox":true,"showFlares":true,"showImageEffects":true,"showParticleSystems":true,"showVisualEffectGraphs":true,"m_FxEnabled":true},"in2DMode":false,"pivot":{"x":11.299988746643067,"y":16.592514038085939,"z":42.65230941772461},"rotation":{"x":0.032946232706308368,"y":0.5013769865036011,"z":-0.019119253382086755,"w":0.8644110560417175},"size":3.6966538429260256,"orthographic":false}