{"cameraMode":{"drawMode":0,"name":"Shaded","section":"Shading Mode"},"sceneLighting":true,"audioPlay":false,"sceneViewState":{"m_AlwaysRefresh":false,"showFog":true,"showSkybox":true,"showFlares":true,"showImageEffects":true,"showParticleSystems":true,"showVisualEffectGraphs":true,"m_FxEnabled":true},"in2DMode":false,"pivot":{"x":3.278942108154297,"y":15.92691707611084,"z":77.89916229248047},"rotation":{"x":0.004251168575137854,"y":0.994045615196228,"z":-0.10054024308919907,"w":0.042057208716869357},"size":1.210511326789856,"orthographic":false}